model,dataset,tokens,token_offset,key_bits,value_bits,m_over_d,m,n_seeds,kv_bytes,key_bytes,value_bytes,qjl_bytes,shared_projection_bytes,fp16_perplexity,seed_perplexities,perplexity_mean,perplexity_sd,perplexity_ci95_low,perplexity_ci95_high,ppl_delta_fp_mean,ppl_delta_fp_sd,ppl_delta_fp_ci95_low,ppl_delta_fp_ci95_high,attention_logit_rmse_mean,attention_logit_rmse_sd,attention_logit_rmse_ci95_low,attention_logit_rmse_ci95_high,qjl_residual_rmse_mean,qjl_residual_rmse_sd,qjl_residual_rmse_ci95_low,qjl_residual_rmse_ci95_high,attention_kl_fp_to_quantized_mean,attention_kl_fp_to_quantized_sd,attention_kl_fp_to_quantized_ci95_low,attention_kl_fp_to_quantized_ci95_high,residual_norm_mean_mean,residual_norm_mean_sd,residual_norm_mean_ci95_low,residual_norm_mean_ci95_high,residual_norm_std_mean,residual_norm_std_sd,residual_norm_std_ci95_low,residual_norm_std_ci95_high,key_norm_mean_mean,key_norm_mean_sd,key_norm_mean_ci95_low,key_norm_mean_ci95_high,runtime_s_mean,runtime_s_sd,runtime_s_ci95_low,runtime_s_ci95_high
gpt2,Salesforce/wikitext:wikitext-2-raw-v1:test,512,0,3,1,0.0,0,5,32,20,12,0,0,30.927341318986464,"[96.76309049197461, 96.76309049197461, 96.76309049197461, 96.76309049197461, 96.76309049197461]",96.76309049197461,0.0,96.76309049197461,96.76309049197461,65.83574917298814,0.0,65.83574917298814,65.83574917298814,1.6309867094581325,0.0,1.6309867094581325,1.6309867094581325,1.6309866965230968,0.0,1.6309866965230968,1.6309866965230968,0.36866370521925595,0.0,0.36866370521925595,0.36866370521925595,5.623477620797025,0.0,5.623477620797025,5.623477620797025,0.8038773142422239,0.0,0.8038773142422239,0.8038773142422239,16.60422774983777,0.0,16.60422774983777,16.60422774983777,1.0009811248019105,0.05694260301068359,0.9302775446795354,1.0716847049242855
gpt2,Salesforce/wikitext:wikitext-2-raw-v1:test,512,0,4,1,0.0,0,5,40,28,12,0,0,30.927341318986464,"[63.27314170816725, 63.27314170816725, 63.27314170816725, 63.27314170816725, 63.27314170816725]",63.27314170816725,0.0,63.27314170816725,63.27314170816725,32.34580038918079,0.0,32.34580038918079,32.34580038918079,0.7454075052195953,0.0,0.7454075052195953,0.7454075052195953,0.7454074996834,0.0,0.7454074996834,0.7454074996834,0.12574846794531266,0.0,0.12574846794531266,0.12574846794531266,3.0011294668333397,0.0,3.0011294668333397,3.0011294668333397,0.48645777012118036,0.0,0.48645777012118036,0.48645777012118036,16.411573679910767,0.0,16.411573679910767,16.411573679910767,0.9905480580026051,0.03268031628189966,0.949970085825458,1.0311260301797522
gpt2,Salesforce/wikitext:wikitext-2-raw-v1:test,512,0,5,1,0.0,0,5,48,36,12,0,0,30.927341318986464,"[51.692489491288626, 51.692489491288626, 51.692489491288626, 51.692489491288626, 51.692489491288626]",51.692489491288626,0.0,51.692489491288626,51.692489491288626,20.765148172302162,0.0,20.765148172302162,20.765148172302162,0.36134168443580467,0.0,0.36134168443580467,0.36134168443580467,0.3613416876954337,0.0,0.3613416876954337,0.3613416876954337,0.03599060645461173,0.0,0.03599060645461173,0.03599060645461173,1.554199382973214,0.0,1.554199382973214,1.554199382973214,0.2708885859077175,0.0,0.2708885859077175,0.2708885859077175,16.353541273209785,0.0,16.353541273209785,16.353541273209785,0.987937908200547,0.01504095178071264,0.9692620998757173,1.0066137165253768
gpt2,Salesforce/wikitext:wikitext-2-raw-v1:test,512,0,5,2,0.0,0,5,56,36,20,0,0,30.927341318986464,"[35.01106178304578, 35.01106178304578, 35.01106178304578, 35.01106178304578, 35.01106178304578]",35.01106178304578,0.0,35.01106178304578,35.01106178304578,4.0837204640593185,0.0,4.0837204640593185,4.0837204640593185,0.3557904664064861,0.0,0.3557904664064861,0.3557904664064861,0.35579046531994307,0.0,0.35579046531994307,0.35579046531994307,0.032818756263522014,0.0,0.032818756263522014,0.032818756263522014,1.548623566619224,0.0,1.548623566619224,1.548623566619224,0.2723113892134279,0.0,0.2723113892134279,0.2723113892134279,16.31100106570456,0.0,16.31100106570456,16.31100106570456,0.9903908250009408,0.011658510116590784,0.9759148727164756,1.0048667772854059
gpt2,Salesforce/wikitext:wikitext-2-raw-v1:test,512,0,6,2,0.0,0,1,64,44,20,0,0,30.927341318986464,[34.133299662956844],34.133299662956844,0.0,34.133299662956844,34.133299662956844,3.20595834397038,0.0,3.20595834397038,3.20595834397038,0.18579549392840514,0.0,0.18579549392840514,0.18579549392840514,0.18579548962103823,0.0,0.18579548962103823,0.18579548962103823,0.009073476926965264,0.0,0.009073476926965264,0.009073476926965264,0.8015522514987323,0.0,0.8015522514987323,0.8015522514987323,0.15635381390651068,0.0,0.15635381390651068,0.15635381390651068,16.320423068271744,0.0,16.320423068271744,16.320423068271744,1.1670921670011012,0.0,1.1670921670011012,1.1670921670011012
gpt2,Salesforce/wikitext:wikitext-2-raw-v1:test,512,0,7,2,0.0,0,1,72,52,20,0,0,30.927341318986464,[33.63694444585419],33.63694444585419,0.0,33.63694444585419,33.63694444585419,2.7096031268677265,0.0,2.7096031268677265,2.7096031268677265,0.11083773874108577,0.0,0.11083773874108577,0.11083773874108577,0.1108377369107782,0.0,0.1108377369107782,0.1108377369107782,0.003031000079166309,0.0,0.003031000079166309,0.003031000079166309,0.4551009645478593,0.0,0.4551009645478593,0.4551009645478593,0.10877667291788384,0.0,0.10877667291788384,0.10877667291788384,16.294967859983444,0.0,16.294967859983444,16.294967859983444,1.1169113330106484,0.0,1.1169113330106484,1.1169113330106484
gpt2,Salesforce/wikitext:wikitext-2-raw-v1:test,512,0,8,2,0.0,0,1,80,60,20,0,0,30.927341318986464,[34.06669812379028],34.06669812379028,0.0,34.06669812379028,34.06669812379028,3.1393568048038176,0.0,3.1393568048038176,3.1393568048038176,0.0712105970014818,0.0,0.0712105970014818,0.0712105970014818,0.07121059553982276,0.0,0.07121059553982276,0.07121059553982276,0.0011816336097783481,0.0,0.0011816336097783481,0.0011816336097783481,0.2765649965343376,0.0,0.2765649965343376,0.2765649965343376,0.08258853661310342,0.0,0.08258853661310342,0.08258853661310342,16.295345049765373,0.0,16.295345049765373,16.295345049765373,1.0972515000030398,0.0,1.0972515000030398,1.0972515000030398
gpt2,Salesforce/wikitext:wikitext-2-raw-v1:test,512,0,8,3,0.0,0,1,88,60,28,0,0,30.927341318986464,[32.033969127372174],32.033969127372174,0.0,32.033969127372174,32.033969127372174,1.10662780838571,0.0,1.10662780838571,1.10662780838571,0.07096940328806846,0.0,0.07096940328806846,0.07096940328806846,0.07096940292265369,0.0,0.07096940292265369,0.07096940292265369,0.001132881388053243,0.0,0.001132881388053243,0.001132881388053243,0.27698529871284133,0.0,0.27698529871284133,0.27698529871284133,0.08250745932390499,0.0,0.08250745932390499,0.08250745932390499,16.326797109511162,0.0,16.326797109511162,16.326797109511162,1.112263333008741,0.0,1.112263333008741,1.112263333008741
gpt2,Salesforce/wikitext:wikitext-2-raw-v1:test,512,0,8,4,0.0,0,1,96,60,36,0,0,30.927341318986464,[31.261359449017796],31.261359449017796,0.0,31.261359449017796,31.261359449017796,0.33401813003133185,0.0,0.33401813003133185,0.33401813003133185,0.07068478616808231,0.0,0.07068478616808231,0.07068478616808231,0.07068478372336055,0.0,0.07068478372336055,0.07068478372336055,0.001119141347620219,0.0,0.001119141347620219,0.001119141347620219,0.2764005340480556,0.0,0.2764005340480556,0.2764005340480556,0.08204921734674524,0.0,0.08204921734674524,0.08204921734674524,16.314715590741898,0.0,16.314715590741898,16.314715590741898,1.1243959999992512,0.0,1.1243959999992512,1.1243959999992512
